{"meta": {"format": 3, "version": "7.9.1", "timestamp": "2025-07-01T15:50:44.876834", "branch_coverage": true, "show_contexts": false}, "files": {"coalitions/formation/business_value_engine.py": {"executed_lines": [1, 10, 11, 12, 13, 14, 15, 17, 18, 20, 23, 24, 26, 27, 28, 29, 30, 31, 34, 35, 36, 38, 39, 40, 41, 42, 43, 44, 45, 46, 47, 50, 51, 58, 60, 68, 70, 89, 91, 93, 96, 100, 101, 105, 108, 112, 115, 119, 122, 126, 129, 134, 137, 140, 142, 147, 148, 149, 151, 153, 167, 168, 171, 172, 173, 174, 175, 176, 177, 179, 183, 186, 187, 188, 190, 191, 192, 193, 196, 197, 198, 200, 202, 205, 206, 207, 209, 211, 223, 224, 227, 228, 230, 231, 232, 233, 235, 237, 238, 240, 243, 244, 245, 247, 248, 251, 252, 254, 255, 256, 261, 265, 267, 283, 292, 295, 298, 299, 302, 303, 306, 307, 310, 311, 314, 315, 316, 318, 319, 320, 323, 324, 326, 342, 343, 345, 348, 349, 350, 351, 352, 353, 355, 357, 358, 360, 361, 363, 366, 367, 368, 369, 370, 373, 376, 377, 378, 379, 380, 383, 390, 392, 396, 397, 400, 401, 403, 404, 406, 410, 412, 416, 417, 420, 421, 422, 425, 427, 429, 431, 443, 445, 449, 452, 453, 456, 459, 460, 461, 463, 466, 467, 469, 470, 474, 476, 478, 480, 503, 505, 515, 516, 520, 523], "summary": {"covered_lines": 200, "num_statements": 204, "percent_covered": 96.2406015037594, "percent_covered_display": "96.24", "missing_lines": 4, "excluded_lines": 0, "num_branches": 62, "num_partial_branches": 6, "covered_branches": 56, "missing_branches": 6}, "missing_lines": [258, 321, 408, 472], "excluded_lines": [], "executed_branches": [[167, 168], [167, 171], [172, 173], [172, 179], [187, 188], [187, 190], [197, 198], [197, 200], [205, 206], [205, 209], [223, 224], [223, 227], [230, 231], [230, 235], [231, 230], [231, 232], [235, 237], [235, 240], [244, 245], [244, 247], [252, 254], [299, 302], [299, 306], [307, 310], [307, 314], [315, 316], [318, 319], [318, 320], [320, 323], [343, 345], [343, 348], [349, 350], [349, 366], [351, 352], [351, 355], [352, 351], [352, 353], [355, 357], [367, 368], [367, 376], [369, 370], [369, 373], [377, 378], [377, 383], [396, 397], [396, 400], [403, 404], [416, 417], [416, 420], [421, 422], [421, 425], [452, 453], [452, 459], [459, 460], [459, 463], [469, 470]], "missing_branches": [[252, 258], [315, 323], [320, 321], [355, 366], [403, 408], [469, 472]], "functions": {"BusinessValueCalculationEngine.__init__": {"executed_lines": [60, 68], "summary": {"covered_lines": 2, "num_statements": 2, "percent_covered": 100.0, "percent_covered_display": "100.00", "missing_lines": 0, "excluded_lines": 0, "num_branches": 0, "num_partial_branches": 0, "covered_branches": 0, "missing_branches": 0}, "missing_lines": [], "excluded_lines": [], "executed_branches": [], "missing_branches": []}, "BusinessValueCalculationEngine.calculate_business_value": {"executed_lines": [89, 91, 93, 96, 100, 101, 105, 108, 112, 115, 119, 122, 126, 129, 134, 137, 140, 142, 147, 148, 149, 151], "summary": {"covered_lines": 22, "num_statements": 22, "percent_covered": 100.0, "percent_covered_display": "100.00", "missing_lines": 0, "excluded_lines": 0, "num_branches": 0, "num_partial_branches": 0, "covered_branches": 0, "missing_branches": 0}, "missing_lines": [], "excluded_lines": [], "executed_branches": [], "missing_branches": []}, "BusinessValueCalculationEngine._calculate_synergy": {"executed_lines": [167, 168, 171, 172, 173, 174, 175, 176, 177, 179, 183, 186, 187, 188, 190, 191, 192, 193, 196, 197, 198, 200, 202, 205, 206, 207, 209], "summary": {"covered_lines": 27, "num_statements": 27, "percent_covered": 100.0, "percent_covered_display": "100.00", "missing_lines": 0, "excluded_lines": 0, "num_branches": 10, "num_partial_branches": 0, "covered_branches": 10, "missing_branches": 0}, "missing_lines": [], "excluded_lines": [], "executed_branches": [[167, 168], [167, 171], [172, 173], [172, 179], [187, 188], [187, 190], [197, 198], [197, 200], [205, 206], [205, 209]], "missing_branches": []}, "BusinessValueCalculationEngine._calculate_risk_reduction": {"executed_lines": [223, 224, 227, 228, 230, 231, 232, 233, 235, 237, 238, 240, 243, 244, 245, 247, 248, 251, 252, 254, 255, 256, 261, 265], "summary": {"covered_lines": 24, "num_statements": 25, "percent_covered": 94.5945945945946, "percent_covered_display": "94.59", "missing_lines": 1, "excluded_lines": 0, "num_branches": 12, "num_partial_branches": 1, "covered_branches": 11, "missing_branches": 1}, "missing_lines": [258], "excluded_lines": [], "executed_branches": [[223, 224], [223, 227], [230, 231], [230, 235], [231, 230], [231, 232], [235, 237], [235, 240], [244, 245], [244, 247], [252, 254]], "missing_branches": [[252, 258]]}, "BusinessValueCalculationEngine._calculate_market_positioning": {"executed_lines": [283, 292, 295, 298, 299, 302, 303, 306, 307, 310, 311, 314, 315, 316, 318, 319, 320, 323, 324], "summary": {"covered_lines": 19, "num_statements": 20, "percent_covered": 90.0, "percent_covered_display": "90.00", "missing_lines": 1, "excluded_lines": 0, "num_branches": 10, "num_partial_branches": 2, "covered_branches": 8, "missing_branches": 2}, "missing_lines": [321], "excluded_lines": [], "executed_branches": [[299, 302], [299, 306], [307, 310], [307, 314], [315, 316], [318, 319], [318, 320], [320, 323]], "missing_branches": [[315, 323], [320, 321]]}, "BusinessValueCalculationEngine._calculate_sustainability": {"executed_lines": [342, 343, 345, 348, 349, 350, 351, 352, 353, 355, 357, 358, 360, 361, 363, 366, 367, 368, 369, 370, 373, 376, 377, 378, 379, 380, 383, 390], "summary": {"covered_lines": 28, "num_statements": 28, "percent_covered": 97.72727272727273, "percent_covered_display": "97.73", "missing_lines": 0, "excluded_lines": 0, "num_branches": 16, "num_partial_branches": 1, "covered_branches": 15, "missing_branches": 1}, "missing_lines": [], "excluded_lines": [], "executed_branches": [[343, 345], [343, 348], [349, 350], [349, 366], [351, 352], [351, 355], [352, 351], [352, 353], [355, 357], [367, 368], [367, 376], [369, 370], [369, 373], [377, 378], [377, 383]], "missing_branches": [[355, 366]]}, "BusinessValueCalculationEngine._calculate_operational_efficiency": {"executed_lines": [396, 397, 400, 401, 403, 404, 406, 410], "summary": {"covered_lines": 8, "num_statements": 9, "percent_covered": 84.61538461538461, "percent_covered_display": "84.62", "missing_lines": 1, "excluded_lines": 0, "num_branches": 4, "num_partial_branches": 1, "covered_branches": 3, "missing_branches": 1}, "missing_lines": [408], "excluded_lines": [], "executed_branches": [[396, 397], [396, 400], [403, 404]], "missing_branches": [[403, 408]]}, "BusinessValueCalculationEngine._calculate_innovation_potential": {"executed_lines": [416, 417, 420, 421, 422, 425, 427], "summary": {"covered_lines": 7, "num_statements": 7, "percent_covered": 100.0, "percent_covered_display": "100.00", "missing_lines": 0, "excluded_lines": 0, "num_branches": 4, "num_partial_branches": 0, "covered_branches": 4, "missing_branches": 0}, "missing_lines": [], "excluded_lines": [], "executed_branches": [[416, 417], [416, 420], [421, 422], [421, 425]], "missing_branches": []}, "BusinessValueCalculationEngine._calculate_total_value": {"executed_lines": [431, 443], "summary": {"covered_lines": 2, "num_statements": 2, "percent_covered": 100.0, "percent_covered_display": "100.00", "missing_lines": 0, "excluded_lines": 0, "num_branches": 0, "num_partial_branches": 0, "covered_branches": 0, "missing_branches": 0}, "missing_lines": [], "excluded_lines": [], "executed_branches": [], "missing_branches": []}, "BusinessValueCalculationEngine._calculate_confidence": {"executed_lines": [449, 452, 453, 456, 459, 460, 461, 463, 466, 467, 469, 470], "summary": {"covered_lines": 12, "num_statements": 13, "percent_covered": 89.47368421052632, "percent_covered_display": "89.47", "missing_lines": 1, "excluded_lines": 0, "num_branches": 6, "num_partial_branches": 1, "covered_branches": 5, "missing_branches": 1}, "missing_lines": [472], "excluded_lines": [],