{
  "test_1": {
    "test_name": "100_concurrent_agents",
    "target_spawn_time": 0.05,
    "actual_spawn_time": 8.726119995117188e-07,
    "agents_created": 100,
    "status": "PASS",
    "duration": 0.0041408538818359375,
    "metrics": {
      "duration": 0.0041408538818359375,
      "agent_spawn_times": {
        "min": 2.384185791015625e-07,
        "max": 8.344650268554688e-06,
        "avg": 8.726119995117188e-07,
        "count": 100
      },
      "message_throughput": {
        "min": 0,
        "max": 0,
        "avg": 0,
        "count": 0
      },
      "memory_usage": {
        "min": 0,
        "max": 0,
        "avg": 0,
        "count": 0
      },
      "response_times": {
        "min": 0,
        "max": 0,
        "avg": 0,
        "count": 0
      },
      "concurrent_agents": 100
    }
  },
  "test_2": {
    "test_name": "1000_messages_per_second",
    "target_throughput": 1000,
    "actual_throughput": 868.4995247901797,
    "messages_processed": 4348,
    "duration": 5.006335496902466,
    "status": "FAIL",
    "avg_response_time": 0.003005648753676325
  },
  "test_3": {
    "test_name": "10gb_knowledge_graph",
    "target_size_gb": 0.1,
    "actual_size_gb": 0.10000013932585716,
    "nodes_created": 421144,
    "edges_created": 843058,
    "duration": 5.261508226394653,
    "status": "PASS"
  },
  "test_4": {
    "test_name": "memory_leak_detection",
    "initial_memory_mb": 0.0,
    "final_memory_mb": 0.006102561950683594,
    "memory_growth_mb": 0.006102561950683594,
    "status": "PASS",
    "memory_usage_history": [
      0.002735137939453125,
      0.0036144256591796875,
      0.0043792724609375,
      0.0051746368408203125,
      0.005756378173828125
    ]
  },
  "test_5": {
    "test_name": "multi_hour_operation",
    "simulated_hours": 2,
    "actual_duration": 60.006816387176514,
    "operations_performed": 5454,
    "operations_per_second": 90.88967434648845,
    "status": "PASS"
  },
  "summary": {
    "total_tests": 5,
    "passed_tests": 4,
    "success_rate": 80.0,
    "overall_status": "FAIL",
    "timestamp": "2025-07-18T15:14:13.774073"
  }
}
